M,S,a_per_sec,load_time
3,1,78556.21712884791,0.0003037452697753906
3,2,94837.42011493607,0.0002346038818359375
3,3,102801.568627451,0.000202178955078125
