M,S,run,a_per_sec,t_per_a,load_time
1000,1000,0,94515.05393547573,1.05804443359375e-05,2.9287972450256348
